iops,flops,bytes_read,bytes_write,function,cycles,DIRECTION_SIZE,NX,NY,NZ,TIMESTEPS,bytes
92381184,61440,37748952,18874368,Stream Couette Baseline,1.79011e+08,9,64,64,64,1,
92381184,61440,37748952,18874368,Stream Couette - Structs Code Motion,1.68507e+08,9,64,64,64,1,
92381184,61440,37748952,18874368,Stream Couette - Structs Loop Structure,2.15224e+07,9,64,64,64,1,
153968640,102400,62914920,31457280,Stream Couette Baseline,3.18907e+08,15,64,64,64,1,
153968640,102400,62914920,31457280,Stream Couette - Structs Code Motion,3.03527e+08,15,64,64,64,1,
153968640,102400,62914920,31457280,Stream Couette - Structs Loop Structure,3.57643e+07,15,64,64,64,1,
277143552,184320,113246856,56623104,Stream Couette Baseline,6.98423e+08,27,64,64,64,1,
277143552,184320,113246856,56623104,Stream Couette - Structs Code Motion,6.17371e+08,27,64,64,64,1,
277143552,184320,113246856,56623104,Stream Couette - Structs Loop Structure,6.41243e+07,27,64,64,64,1,
