iops,flops,bytes_read,bytes_write,function,cycles,DIRECTION_SIZE,NX,NY,NZ,TIMESTEPS,bytes
277143552,184320,113246856,56623104,Stream Couette Baseline,5.63818e+08,27,64,64,64,1,
277143552,184320,113246856,56623104,Couette 1,5.36676e+08,27,64,64,64,1,
49217193,36859,56623752,56623104,Couette 2,3.59911e+07,27,64,64,64,1,
277143552,184320,113246856,56623104,Couette 3,1.43289e+07,27,64,64,64,1,
277143552,184320,113246856,56623104,Couette 4,1.41281e+07,27,64,64,64,1,
